Anio, Mes, Razon Social, DNI, Impacto
2022, 6, UTN, 2, NaN
2022, 6, UTN, 3, NaN
2022, 6, UTN, 4, NaN
2022, 6, UTN, 1, NaN
2022, 6, Coca Cola, 5, NaN
2022, 6, Coca Cola, 7, NaN
2022, 6, Coca Cola, 8, NaN
2022, 6, Coca Cola, 6, NaN
2022, 6, org1, 456, 27.272728
2022, 6, org1, 123, 72.72727
2022, 6, org2, 789, 90.909096
2022, 6, org2, 555, 9.090909
